Metric,Value
MAE,0.8097058155741997
MSE,1.0194036179371049
